Time,Precipitation
1971.0,0.0
1971.005479452055,0.7000000000000001
1971.008219178082,0.3
1971.024657534247,0.1
1971.032876712329,0.7000000000000001
1971.035616438356,0.5
1971.07397260274,0.1
1971.079452054795,0.1
1971.084931506849,0.0
1971.090410958904,0.2
1971.093150684932,1.0
1971.101369863014,0.1
1971.104109589041,0.1
1971.115068493151,0.8
1971.120547945206,0.1
1971.128767123288,0.2
1971.134246575343,0.3
1971.139726027397,1.1
1971.142465753425,0.8
1971.153424657534,0.2
1971.161643835616,0.0
1971.175342465753,0.4
1971.186301369863,0.4
1971.2,0.5
1971.208219178082,0.1
1971.21095890411,0.1
1971.246575342466,0.6
1971.260273972603,0.3
1971.279452054795,0.0
1971.320547945206,0.0
1971.328767123288,0.0
1971.41095890411,0.0
1971.413698630137,0.3
1971.419178082192,0.3
1971.432876712329,0.1
1971.441095890411,0.1
1971.443835616438,0.3
1971.449315068493,0.2
1971.452054794521,0.4
1971.468493150685,0.2
1971.479452054795,0.4
1971.493150684932,0.2
1971.495890410959,0.0
1971.506849315068,0.1
1971.520547945205,0.4
1971.523287671233,0.2
1971.534246575342,0.1
1971.539726027397,0.4
1971.542465753425,2.1
1971.545205479452,0.6
1971.556164383562,0.1
1971.558904109589,1.0
1971.569863013699,1.0
1971.572602739726,0.1
1971.575342465753,0.2
1971.580821917808,0.0
1971.586301369863,0.3
1971.58904109589,0.6
1971.635616438356,0.1
1971.638356164384,0.1
1971.649315068493,0.1
1971.665753424658,0.0
1971.679452054794,0.4
1971.682191780822,0.7000000000000001
1971.693150684931,0.4
1971.706849315068,0.1
1971.717808219178,1.7
1971.731506849315,0.1
1971.73698630137,0.3
1971.747945205479,0.0
1971.769863013699,0.2
1971.780821917808,0.4
1971.786301369863,0.3
1971.802739726027,0.3
1971.805479452055,1.0
1971.81095890411,0.1
1971.832876712329,0.0
1971.835616438356,0.1
1971.846575342466,0.2
1971.849315068493,0.1
1971.852054794521,0.2
1971.882191780822,0.0
1971.912328767123,0.0
1971.915068493151,0.0
1971.997260273973,0.0
1972.0,0.0
1972.081967213115,0.0
1972.084699453552,0.0
1972.161202185792,0.0
1972.16393442623,0.0
1972.245901639344,0.0
1972.248633879781,0.0
1972.327868852459,0.0
1972.330601092896,0.0
1972.412568306011,0.0
1972.415300546448,0.0
1972.434426229508,0.1
1972.437158469945,0.2
1972.448087431694,0.8
1972.453551912568,0.5
1972.489071038251,0.6
1972.497267759563,0.0
1972.5,0.7000000000000001
1972.502732240437,0.2
1972.524590163934,0.2
1972.527322404371,0.1
1972.535519125683,0.2
1972.53825136612,0.2
1972.560109289617,1.0
1972.568306010929,0.1
1972.579234972678,0.0
1972.581967213115,0.0
1972.598360655738,0.0
1972.612021857924,0.1
1972.631147540984,0.1
1972.639344262295,0.2
1972.666666666667,0.0
1972.669398907104,0.1
1972.672131147541,0.1
1972.685792349727,0.5
1972.70218579235,0.3
1972.726775956284,0.2
1972.729508196721,1.6
1972.732240437158,0.2
1972.734972677596,0.1
1972.737704918033,0.1
1972.743169398907,0.6
1972.745901639344,0.1
1972.748633879781,0.0
1972.756830601093,0.6
1972.775956284153,0.1
1972.77868852459,0.1
1972.781420765027,0.0
1972.830601092896,0.0
1972.833333333333,0.0
1972.912568306011,0.0
1972.915300546448,0.0
1972.997267759563,0.0
1973.0,0.0
1973.082191780822,0.0
1973.084931506849,0.3
1973.087671232877,0.2
1973.090410958904,0.1
1973.101369863014,0.1
1973.104109589041,0.1
1973.117808219178,0.1
1973.120547945206,0.4
1973.123287671233,0.1
1973.13698630137,0.1
1973.161643835616,0.0
1973.167123287671,0.1
1973.169863013699,0.5
1973.172602739726,0.1
1973.178082191781,0.9
1973.183561643836,0.3
1973.186301369863,0.9
1973.18904109589,0.3
1973.197260273973,1.4
1973.213698630137,0.8
1973.227397260274,0.8
1973.235616438356,0.1
1973.238356164384,0.7000000000000001
1973.243835616438,0.2
1973.246575342466,0.0
1973.276712328767,0.0
1973.287671232877,0.5
1973.290410958904,0.2
1973.293150684932,0.9
1973.295890410959,0.6
1973.304109589041,0.1
1973.306849315069,0.3
1973.312328767123,0.1
1973.328767123288,0.1
1973.347945205479,0.6
1973.353424657534,0.3
1973.380821917808,0.1
1973.386301369863,0.5
1973.397260273973,0.5
1973.4,0.9
1973.408219178082,0.1
1973.413698630137,0.0
1973.416438356164,0.7000000000000001
1973.421917808219,0.3
1973.424657534247,0.4
1973.427397260274,0.3
1973.446575342466,0.1
1973.452054794521,0.6
1973.454794520548,0.1
1973.457534246575,0.3
1973.46301369863,1.1
1973.482191780822,0.5
1973.484931506849,0.7000000000000001
1973.487671232877,0.1
1973.490410958904,0.1
1973.495890410959,0.0
1973.501369863014,0.6
1973.504109589041,0.3
1973.520547945205,1.8
1973.531506849315,0.1
1973.534246575342,0.1
1973.547945205479,0.1
1973.550684931507,2.0
1973.558904109589,0.7000000000000001
1973.561643835616,0.5
1973.564383561644,0.1
1973.578082191781,0.3
1973.580821917808,0.0
1973.602739726027,0.6
1973.605479452055,0.1
1973.61095890411,0.1
1973.616438356164,0.1
1973.665753424658,0.0
1973.676712328767,0.2
1973.687671232877,1.4
1973.701369863014,0.2
1973.704109589041,0.1
1973.720547945205,0.1
1973.728767123288,0.5
1973.745205479452,0.1
1973.747945205479,0.1
1973.750684931507,0.2
1973.753424657534,0.2
1973.756164383562,0.6
1973.758904109589,0.1
1973.780821917808,0.1
1973.783561643836,0.1
1973.824657534247,0.3
1973.830136986301,0.6
1973.832876712329,0.0
1973.843835616438,0.3
1973.871232876712,0.6
1973.879452054794,0.1
1973.887671232877,0.7000000000000001
1973.895890410959,1.2
1973.898630136986,0.5
1973.901369863014,1.2
1973.904109589041,0.7000000000000001
1973.915068493151,0.0
1973.923287671233,0.4
1973.94794520548,0.1
1973.967123287671,0.8
1973.975342465753,0.1
1973.978082191781,0.1
1973.980821917808,0.1
1973.983561643836,0.7000000000000001
1973.991780821918,0.2
1973.997260273973,0.1
1974.0,0.0
1974.01095890411,0.1
1974.019178082192,0.1
1974.021917808219,0.3
1974.024657534247,0.4
1974.035616438356,0.4
1974.046575342466,0.3
1974.049315068493,0.4
1974.05205479452,0.6
1974.060273972603,0.5
1974.068493150685,0.9
1974.07397260274,0.3
1974.084931506849,0.0
1974.098630136986,0.2
1974.134246575343,0.6
1974.139726027397,0.5
1974.142465753425,0.2
1974.158904109589,0.1
1974.161643835616,0.4
1974.172602739726,0.2
1974.175342465753,0.4
1974.183561643836,1.3
1974.186301369863,0.4
1974.18904109589,1.2
1974.191780821918,1.1
1974.2,0.2
1974.213698630137,0.2
1974.216438356164,0.2
1974.238356164384,0.3
1974.241095890411,0.1
1974.246575342466,0.8
1974.252054794521,0.3
1974.254794520548,0.1
1974.257534246575,0.1
1974.26301369863,0.3
1974.265753424658,1.6
1974.304109589041,0.9
1974.32602739726,0.5
1974.328767123288,0.0
1974.331506849315,0.9
1974.347945205479,0.4
1974.356164383562,0.1
1974.358904109589,0.2
1974.367123287671,0.5
1974.372602739726,0.9
1974.375342465753,0.7000000000000001
1974.386301369863,0.3
1974.38904109589,0.1
1974.391780821918,0.1
1974.402739726027,0.1
1974.405479452055,2.1
1974.408219178082,0.6
1974.41095890411,0.4
1974.413698630137,0.0
1974.424657534247,0.1
1974.430136986301,0.1
1974.432876712329,0.4
1974.46301369863,0.2
1974.471232876712,0.9
1974.47397260274,0.3
1974.479452054795,0.1
1974.495890410959,0.0
1974.504109589041,0.1
1974.506849315068,0.2
1974.515068493151,0.1
1974.517808219178,0.1
1974.520547945205,0.3
1974.534246575342,0.6
1974.569863013699,0.8
1974.572602739726,0.6
1974.580821917808,0.0
1974.58904109589,0.0
1974.605479452055,0.3
1974.608219178082,0.1
1974.624657534247,0.7000000000000001
1974.627397260274,0.1
1974.641095890411,0.2
1974.652054794521,0.5
1974.654794520548,0.9
1974.657534246575,3.2
1974.665753424658,0.0
1974.668493150685,1.3
1974.671232876712,0.2
1974.690410958904,2.0
1974.693150684931,0.4
1974.695890410959,1.2
1974.698630136986,0.2
1974.706849315068,0.1
1974.717808219178,0.1
1974.73698630137,0.2
1974.739726027397,1.8
1974.747945205479,0.0
1974.783561643836,0.7000000000000001
1974.786301369863,0.4
1974.81095890411,0.1
1974.824657534247,0.1
1974.832876712329,0.1
1974.835616438356,0.1
1974.838356164384,0.5
1974.841095890411,1.8
1974.860273972603,0.3
1974.865753424657,0.2
1974.882191780822,0.7000000000000001
1974.893150684931,0.1
1974.895890410959,0.3
1974.912328767123,0.4
1974.915068493151,0.3
1974.917808219178,0.2
1974.931506849315,0.7000000000000001
1974.934246575343,0.1
1974.942465753425,0.1
1974.953424657534,0.3
1974.958904109589,0.1
1974.975342465753,0.1
1974.978082191781,0.3
1974.980821917808,0.1
1974.997260273973,0.5
1975.0,0.0
1975.005479452055,0.2
1975.019178082192,0.3
1975.024657534247,1.4
1975.046575342466,0.6
1975.065753424657,0.2
1975.076712328767,0.4
1975.079452054795,0.1
1975.082191780822,0.5
1975.084931506849,0.1
1975.093150684932,0.3
1975.095890410959,0.2
1975.112328767123,0.2
1975.115068493151,0.1
1975.128767123288,0.2
1975.142465753425,0.4
1975.145205479452,2.6
1975.161643835616,0.0
1975.178082191781,0.4
1975.186301369863,0.5
1975.18904109589,0.1
1975.191780821918,0.6
1975.197260273973,0.7000000000000001
1975.208219178082,0.6
1975.21095890411,0.1
1975.219178082192,0.2
1975.221917808219,0.7000000000000001
1975.224657534246,0.1
1975.232876712329,1.3
1975.235616438356,0.4
1975.238356164384,0.1
1975.246575342466,0.0
1975.249315068493,0.1
1975.268493150685,0.2
1975.282191780822,0.1
1975.290410958904,0.1
1975.293150684932,0.4
1975.295890410959,0.1
1975.306849315069,0.8
1975.309589041096,1.6
1975.312328767123,0.6
1975.317808219178,0.1
1975.32602739726,0.2
1975.328767123288,0.1
1975.342465753425,0.3
1975.347945205479,0.2
1975.372602739726,0.1
1975.38904109589,0.1
1975.394520547945,0.2
1975.397260273973,0.3
1975.405479452055,0.2
1975.408219178082,0.3
1975.41095890411,0.5
1975.413698630137,0.0
1975.424657534247,0.4
1975.441095890411,1.3
1975.449315068493,0.5
1975.457534246575,0.3
1975.495890410959,0.0
1975.506849315068,0.2
1975.52602739726,0.1
1975.528767123288,0.2
1975.545205479452,0.4
1975.547945205479,0.2
1975.578082191781,0.0
1975.580821917808,0.1
1975.586301369863,0.2
1975.591780821918,0.1
1975.602739726027,1.7
1975.616438356164,0.1
1975.619178082192,0.3
1975.621917808219,0.1
1975.657534246575,0.4
1975.665753424658,0.0
1975.676712328767,0.2
1975.693150684931,2.7
1975.695890410959,0.6
1975.712328767123,0.4
1975.715068493151,0.2
1975.717808219178,0.1
1975.72602739726,0.2
1975.728767123288,0.3
1975.731506849315,0.3
1975.747945205479,0.0
1975.767123287671,1.4
1975.772602739726,0.1
1975.786301369863,0.1
1975.791780821918,1.5
1975.794520547945,0.5
1975.797260273973,0.1
1975.824657534247,0.5
1975.832876712329,0.0
1975.849315068493,0.5
1975.854794520548,0.2
1975.857534246575,0.3
1975.884931506849,0.2
1975.901369863014,0.4
1975.904109589041,0.2
1975.909589041096,0.1
1975.912328767123,0.6
1975.915068493151,0.0
1975.928767123288,0.5
1975.939726027397,0.1
1975.953424657534,1.1
1975.980821917808,1.1
1975.983561643836,0.1
1975.98904109589,0.1
1975.994520547945,0.4
1975.997260273973,0.8
1976.0,0.0
1976.002732240437,0.4
1976.016393442623,0.2
1976.032786885246,0.9
1976.065573770492,1.5
1976.068306010929,0.1
1976.084699453552,0.0
1976.095628415301,0.3
1976.122950819672,0.1
1976.125683060109,0.2
1976.128415300547,1.4
1976.131147540984,0.4
1976.139344262295,0.7000000000000001
1976.16393442623,0.0
1976.174863387978,0.3
1976.193989071038,0.3
1976.215846994535,0.5
1976.234972677596,0.1
1976.24043715847,0.2
1976.245901639344,0.2
1976.248633879781,0.0
1976.275956284153,0.3
1976.303278688525,0.3
1976.314207650273,0.4
1976.330601092896,0.0
1976.344262295082,0.1
1976.366120218579,0.2
1976.368852459016,0.4
1976.371584699453,0.1
1976.374316939891,0.8
1976.404371584699,0.6
1976.409836065574,0.4
1976.412568306011,1.1
1976.415300546448,0.0
1976.420765027322,0.2
1976.456284153006,1.0
1976.46174863388,0.4
1976.464480874317,0.1
1976.472677595629,0.8
1976.478142076503,1.4
1976.48087431694,0.2
1976.491803278689,0.7000000000000001
1976.494535519126,0.2
1976.497267759563,0.0
1976.508196721311,0.2
1976.535519125683,1.4
1976.53825136612,0.6
1976.554644808743,0.1
1976.568306010929,0.5
1976.571038251366,0.1
1976.573770491803,0.1
1976.581967213115,0.0
1976.595628415301,1.0
1976.614754098361,0.3
1976.620218579235,0.3
1976.647540983607,0.4
1976.666666666667,0.4
1976.688524590164,1.5
1976.718579234973,0.3
1976.734972677596,0.7000000000000001
1976.737704918033,0.4
1976.743169398907,0.3
1976.745901639344,0.2
1976.748633879781,0.0
1976.762295081967,0.7000000000000001
1976.79781420765,0.2
1976.800546448088,0.4
1976.808743169399,1.2
1976.811475409836,0.5
1976.827868852459,1.1
1976.833333333333,0.0
1976.901639344262,0.9
1976.915300546448,0.0
1976.928961748634,1.0
1976.931693989071,0.3
1976.937158469945,0.1
1976.939890710383,0.1
1977.0,0.0
1977.005479452055,0.2
1977.008219178082,0.1
1977.01095890411,0.2
1977.013698630137,0.1
1977.021917808219,0.4
1977.024657534247,0.1
1977.035616438356,0.5
1977.060273972603,0.1
1977.06301369863,0.1
1977.084931506849,0.0
1977.087671232877,0.1
1977.115068493151,0.2
1977.134246575343,0.2
1977.145205479452,0.5
1977.153424657534,0.3
1977.156164383562,0.1
1977.161643835616,0.2
1977.167123287671,1.2
1977.169863013699,0.3
1977.18904109589,0.2
1977.191780821918,0.7000000000000001
1977.208219178082,0.9
1977.213698630137,0.2
1977.216438356164,0.2
1977.224657534246,0.1
1977.232876712329,0.5
1977.235616438356,0.6
1977.246575342466,0.0
1977.252054794521,0.0
1977.254794520548,0.2
1977.260273972603,0.1
1977.295890410959,0.1
1977.298630136986,0.1
1977.304109589041,1.2
1977.309589041096,0.1
1977.320547945206,0.6
1977.328767123288,0.1
1977.334246575342,0.6
1977.339726027397,1.4
1977.345205479452,0.2
1977.413698630137,0.0
1977.493150684932,0.0
1977.495890410959,0.0
1977.52602739726,0.0
1977.528767123288,0.7000000000000001
1977.550684931507,0.9
1977.561643835616,0.9
1977.580821917808,0.0
1977.594520547945,0.5
1977.597260273973,0.8
1977.6,0.2
1977.605479452055,0.8
1977.608219178082,0.6
1977.61095890411,1.4
1977.616438356164,0.2
1977.621917808219,1.0
1977.635616438356,1.0
1977.641095890411,0.1
1977.657534246575,0.5
1977.665753424658,0.0
1977.687671232877,0.1
1977.698630136986,0.3
1977.704109589041,0.3
1977.706849315068,0.1
1977.712328767123,0.1
1977.715068493151,0.5
1977.728767123288,0.1
1977.745205479452,0.6
1977.747945205479,0.8
1977.761643835616,0.3
1977.767123287671,0.7000000000000001
1977.78904109589,0.1
1977.813698630137,0.2
1977.816438356164,0.7000000000000001
1977.832876712329,0.0
1977.841095890411,0.1
1977.849315068493,0.3
1977.854794520548,0.1
1977.871232876712,0.1
1977.87397260274,1.0
1977.884931506849,0.2
1977.887671232877,0.9
1977.906849315068,0.2
1977.909589041096,0.2
1977.912328767123,0.7000000000000001
1977.915068493151,0.2
1977.920547945205,0.4
1977.923287671233,0.1
1977.92602739726,1.0
1977.928767123288,0.1
1977.934246575343,0.0
1977.93698630137,0.6
1977.94794520548,0.3
1977.950684931507,0.8
1977.961643835617,0.2
1977.978082191781,0.1
1978.0,0.1
1978.01095890411,0.2
1978.016438356164,0.2
1978.019178082192,0.0
1978.024657534247,0.6
1978.030136986301,0.0
1978.035616438356,0.2
1978.041095890411,0.5
1978.043835616438,0.6
1978.05205479452,0.1
1978.06301369863,0.2
1978.065753424657,0.6
1978.084931506849,0.0
1978.117808219178,0.2
1978.123287671233,0.1
1978.161643835616,0.0
1978.164383561644,0.4
1978.167123287671,0.1
1978.178082191781,0.7000000000000001
1978.180821917808,0.5
1978.183561643836,0.1
1978.18904109589,0.2
1978.194520547945,0.7000000000000001
1978.197260273973,0.2
1978.216438356164,0.3
1978.224657534246,0.2
1978.227397260274,0.4
1978.230136986301,0.1
1978.246575342466,0.0
1978.254794520548,0.1
1978.260273972603,0.2
1978.268493150685,0.1
1978.27397260274,0.3
1978.293150684932,0.9
1978.295890410959,0.2
1978.306849315069,0.5
1978.309589041096,0.2
1978.312328767123,0.1
1978.323287671233,0.3
1978.328767123288,0.0
1978.33698630137,0.6
1978.345205479452,0.2
1978.347945205479,0.7000000000000001
1978.350684931507,0.1
1978.358904109589,0.6
1978.361643835616,0.5
1978.364383561644,0.1
1978.38904109589,1.3
1978.413698630137,0.0
1978.430136986301,0.3
1978.443835616438,0.4
1978.460273972603,1.5
1978.479452054795,0.5
1978.482191780822,0.1
1978.495890410959,0.0
1978.498630136986,0.5
1978.501369863014,0.1
1978.512328767123,0.8
1978.517808219178,0.4
1978.520547945205,0.6
1978.528767123288,0.5
1978.534246575342,0.8
1978.556164383562,0.2
1978.558904109589,1.8
1978.572602739726,0.1
1978.575342465753,1.2
1978.580821917808,0.0
1978.583561643836,1.7
1978.594520547945,0.2
1978.6,0.1
1978.61095890411,0.2
1978.616438356164,0.1
1978.630136986301,0.2
1978.646575342466,0.9
1978.649315068493,0.1
1978.654794520548,0.5
1978.657534246575,0.1
1978.660273972603,1.5
1978.66301369863,0.6
1978.665753424658,0.0
1978.698630136986,0.7000000000000001
1978.701369863014,0.4
1978.747945205479,0.0
1978.778082191781,2.5
1978.780821917808,0.8
1978.783561643836,0.1
1978.8,0.1
1978.816438356164,0.4
1978.819178082192,0.1
1978.832876712329,0.0
1978.868493150685,0.3
1978.871232876712,0.7000000000000001
1978.87397260274,0.1
1978.876712328767,1.3
1978.893150684931,0.1
1978.901369863014,0.7000000000000001
1978.915068493151,0.0
1978.917808219178,0.1
1978.920547945205,1.4
1978.923287671233,0.1
1978.931506849315,0.9
1978.934246575343,1.4
1978.956164383562,0.1
1978.964383561644,0.1
1978.967123287671,0.3
1978.994520547945,0.3
1978.997260273973,1.2
1979.0,0.8
1979.01095890411,0.1
1979.013698630137,0.1
1979.016438356164,0.4
1979.030136986301,0.1
1979.032876712329,0.2
1979.049315068493,0.1
1979.05205479452,0.5
1979.054794520548,0.1
1979.06301369863,0.4
1979.071232876712,0.3
1979.084931506849,0.0
1979.090410958904,0.1
1979.104109589041,0.1
1979.120547945206,0.1
1979.123287671233,0.2
1979.131506849315,0.3
1979.134246575343,0.1
1979.139726027397,0.2
1979.142465753425,0.7000000000000001
1979.145205479452,0.7000000000000001
1979.150684931507,1.5
1979.153424657534,0.1
1979.161643835616,0.0
1979.167123287671,0.3
1979.169863013699,0.1
1979.194520547945,0.1
1979.197260273973,0.1
1979.21095890411,0.1
1979.213698630137,0.1
1979.221917808219,0.6
1979.230136986301,0.1
1979.238356164384,0.1
1979.243835616438,0.4
1979.246575342466,0.5
1979.249315068493,0.9
1979.254794520548,1.0
1979.257534246575,0.1
1979.260273972603,0.1
1979.26301369863,0.1
1979.265753424658,0.1
1979.268493150685,0.2
1979.27397260274,0.4
1979.276712328767,0.6
1979.279452054795,0.3
1979.282191780822,0.1
1979.312328767123,0.2
1979.317808219178,0.1
1979.328767123288,0.1
1979.334246575342,0.7000000000000001
1979.33698630137,0.5
1979.356164383562,0.1
1979.358904109589,0.4
1979.364383561644,0.2
1979.367123287671,0.1
1979.372602739726,0.2
1979.394520547945,0.2
1979.397260273973,0.5
1979.4,0.3
1979.408219178082,0.2
1979.41095890411,1.4
1979.413698630137,0.0
1979.430136986301,0.8
1979.432876712329,0.3
1979.435616438356,0.1
1979.465753424658,0.4
1979.476712328767,0.4
1979.490410958904,0.3
1979.495890410959,0.0
1979.501369863014,0.3
1979.504109589041,0.1
1979.517808219178,0.2
1979.52602739726,1.1
1979.528767123288,0.7000000000000001
1979.531506849315,0.1
1979.556164383562,0.7000000000000001
1979.558904109589,0.6
1979.561643835616,1.1
1979.564383561644,0.2
1979.567123287671,1.7
1979.569863013699,0.4
1979.580821917808,3.0
1979.608219178082,0.4
1979.630136986301,0.1
1979.632876712329,0.7000000000000001
1979.641095890411,0.1
1979.649315068493,2.5
1979.652054794521,0.1
1979.654794520548,0.2
1979.657534246575,0.3
1979.665753424658,0.0
1979.698630136986,1.7
1979.701369863014,0.3
1979.720547945205,2.0
1979.723287671233,0.3
1979.73698630137,0.3
1979.747945205479,0.5
1979.756164383562,0.3
1979.769863013699,0.1
1979.778082191781,0.2
1979.805479452055,0.4
1979.821917808219,0.1
1979.832876712329,1.4
1979.849315068493,1.4
1979.852054794521,0.1
1979.854794520548,1.4
1979.890410958904,0.9
1979.893150684931,1.5
1979.898630136986,1.5
1979.904109589041,0.4
1979.906849315068,0.1
1979.915068493151,0.0
1979.945205479452,0.5
1979.94794520548,0.2
1979.972602739726,1.0
1979.975342465753,0.5
1979.978082191781,0.7000000000000001
1979.980821917808,0.2
1980.0,0.0
1980.008196721311,0.1
1980.016393442623,0.1
1980.027322404371,1.7
1980.035519125683,0.1
1980.040983606557,0.1
1980.062841530055,0.1
1980.079234972678,0.2
1980.081967213115,0.1
1980.084699453552,0.0
1980.161202185792,0.0
1980.16393442623,0.0
1980.245901639344,0.0
1980.248633879781,0.0
1980.262295081967,0.1
1980.265027322404,0.1
1980.267759562842,0.4
1980.270491803279,0.2
1980.275956284153,0.4
1980.27868852459,0.2
1980.281420765027,0.6
1980.284153005465,0.4
1980.31693989071,0.1
1980.319672131148,0.2
1980.322404371585,0.2
1980.330601092896,0.0
1980.357923497268,0.5
1980.360655737705,1.6
1980.371584699453,1.2
1980.374316939891,1.4
1980.377049180328,0.7000000000000001
1980.379781420765,0.2
1980.390710382514,0.9
1980.409836065574,0.1
1980.415300546448,1.0
1980.431693989071,1.1
1980.456284153006,0.1
1980.464480874317,0.5
1980.475409836066,0.5
1980.478142076503,0.3
1980.489071038251,0.3
1980.491803278689,0.1
1980.497267759563,0.0
1980.5,0.1
1980.505464480874,0.5
1980.521857923497,0.8
1980.551912568306,0.5
1980.554644808743,0.5
1980.568306010929,0.5
1980.581967213115,0.4
1980.584699453552,0.6
1980.587431693989,0.1
1980.592896174863,0.1
1980.609289617486,0.3
1980.620218579235,1.2
1980.622950819672,0.4
1980.628415300547,0.3
1980.631147540984,0.1
1980.655737704918,0.1
1980.658469945355,0.1
1980.666666666667,0.2
1980.669398907104,0.5
1980.688524590164,0.3
1980.707650273224,0.4
1980.710382513661,0.2
1980.724043715847,0.4
1980.748633879781,0.0
1980.751366120219,0.1
1980.792349726776,1.4
1980.811475409836,0.6
1980.819672131148,0.3
1980.833333333333,0.0
1980.877049180328,1.0
1980.893442622951,0.1
1980.896174863388,0.1
1980.904371584699,1.0
1980.909836065574,0.1
1980.915300546448,0.0
1980.934426229508,0.4
1980.937158469945,0.2
1980.953551912568,0.1
1980.978142076503,0.3
1981.0,0.0
1981.01095890411,0.1
1981.013698630137,0.1
1981.05205479452,0.1
1981.054794520548,0.2
1981.084931506849,0.9
1981.109589041096,0.7000000000000001
1981.12602739726,0.3
1981.128767123288,0.1
1981.142465753425,0.1
1981.145205479452,0.1
1981.158904109589,0.1
1981.161643835616,0.0
1981.169863013699,0.7000000000000001
1981.172602739726,0.2
1981.2,0.2
1981.202739726027,0.1
1981.208219178082,0.1
1981.232876712329,0.1
1981.238356164384,0.7000000000000001
1981.246575342466,0.0
1981.252054794521,0.1
1981.254794520548,0.8
1981.271232876712,0.1
1981.276712328767,0.2
1981.287671232877,0.5
1981.290410958904,1.0
1981.293150684932,0.1
1981.295890410959,0.8
1981.304109589041,0.3
1981.306849315069,0.3
1981.315068493151,0.1
1981.323287671233,0.2
1981.32602739726,0.2
1981.328767123288,0.0
1981.339726027397,0.0
1981.342465753425,0.4
1981.353424657534,0.0
1981.367123287671,1.4
1981.375342465753,0.0
1981.378082191781,1.2
1981.391780821918,0.0
1981.408219178082,1.8
1981.413698630137,0.5
1981.421917808219,0.5
1981.427397260274,0.7000000000000001
1981.435616438356,0.1
1981.438356164384,0.6
1981.493150684932,1.0
1981.495890410959,0.0
1981.501369863014,0.3
1981.504109589041,0.2
1981.506849315068,0.1
1981.534246575342,0.4
1981.545205479452,0.3
1981.547945205479,0.7000000000000001
1981.567123287671,0.1
1981.569863013699,0.4
1981.580821917808,0.0
1981.591780821918,0.8
1981.597260273973,1.4
1981.605479452055,0.4
1981.616438356164,0.1
1981.619178082192,0.2
1981.654794520548,0.4
1981.657534246575,0.5
1981.665753424658,0.5
1981.668493150685,0.6
1981.682191780822,0.1
1981.701369863014,0.1
1981.704109589041,0.2
1981.706849315068,0.2
1981.739726027397,0.1
1981.742465753425,0.1
1981.747945205479,0.0
1981.750684931507,0.1
1981.758904109589,0.3
1981.761643835616,0.4
1981.791780821918,0.4
1981.805479452055,0.1
1981.813698630137,0.3
1981.816438356164,0.5
1981.832876712329,0.0
1981.854794520548,0.8
1981.882191780822,0.4
1981.893150684931,0.4
1981.901369863014,0.3
1981.912328767123,0.8
1981.915068493151,0.0
1981.950684931507,0.1
1981.958904109589,0.4
1981.969863013699,0.2
1981.972602739726,0.9
1981.986301369863,0.1
1981.98904109589,0.2
1981.997260273973,0.3
1982.0,0.0
1982.002739726027,0.4
1982.005479452055,0.9
1982.008219178082,0.1
1982.030136986301,0.1
1982.032876712329,0.1
1982.05205479452,0.1
1982.057534246575,3.0
1982.060273972603,0.3
1982.065753424657,0.2
1982.076712328767,0.2
1982.079452054795,1.9
1982.082191780822,2.4
1982.084931506849,0.0
1982.090410958904,0.5
1982.104109589041,0.4
1982.106849315069,0.1
1982.12602739726,0.6
1982.161643835616,0.0
1982.164383561644,0.2
1982.167123287671,0.1
1982.169863013699,0.4
1982.175342465753,0.1
1982.18904109589,0.8
1982.194520547945,0.3
1982.197260273973,0.6
1982.2,0.5
1982.208219178082,0.4
1982.21095890411,0.9
1982.213698630137,0.1
1982.227397260274,0.1
1982.241095890411,0.3
1982.243835616438,0.5
1982.246575342466,0.0
1982.249315068493,0.5
1982.252054794521,0.7000000000000001
1982.257534246575,0.3
1982.265753424658,0.3
1982.268493150685,0.1
1982.287671232877,0.2
1982.290410958904,0.4
1982.298630136986,0.1
1982.312328767123,0.1
1982.315068493151,0.1
1982.323287671233,0.1
1982.328767123288,0.0
1982.345205479452,1.1
1982.347945205479,0.6
1982.375342465753,0.1
1982.380821917808,0.3
1982.383561643836,0.7000000000000001
1982.394520547945,0.1
1982.397260273973,0.5
1982.4,0.2
1982.405479452055,0.5
1982.41095890411,0.7000000000000001
1982.413698630137,0.1
1982.421917808219,0.1
1982.430136986301,0.2
1982.432876712329,0.1
1982.435616438356,0.1
1982.443835616438,0.1
1982.452054794521,0.3
1982.454794520548,0.7000000000000001
1982.465753424658,0.4
1982.487671232877,0.6
1982.495890410959,0.0
1982.501369863014,0.4
1982.512328767123,0.2
1982.515068493151,0.6
1982.520547945205,0.7000000000000001
1982.545205479452,0.6
1982.553424657534,1.2
1982.567123287671,0.1
1982.580821917808,0.0
1982.583561643836,0.1
1982.591780821918,0.6
1982.6,0.2
1982.608219178082,0.4
1982.621917808219,0.3
1982.632876712329,1.1
1982.643835616438,0.2
1982.649315068493,0.1
1982.652054794521,0.5
1982.660273972603,2.6
1982.66301369863,0.1
1982.665753424658,0.7000000000000001
1982.745205479452,0.0
1982.747945205479,0.0
1982.761643835616,0.1
1982.764383561644,0.8
1982.767123287671,0.2
1982.769863013699,1.1
1982.8,0.3
1982.827397260274,0.2
1982.832876712329,0.0
1982.835616438356,0.4
1982.86301369863,0.8
1982.884931506849,0.9
1982.887671232877,0.7000000000000001
1982.890410958904,0.2
1982.893150684931,0.3
1982.901369863014,0.4
1982.904109589041,0.1
1982.906849315068,0.8
1982.915068493151,0.3
1982.997260273973,0.0
1983.0,0.0
1983.005479452055,0.0
1983.019178082192,0.1
1983.054794520548,1.2
1983.057534246575,0.5
1983.060273972603,0.1
1983.076712328767,0.1
1983.084931506849,0.3
1983.087671232877,0.4
1983.098630136986,0.1
1983.112328767123,0.1
1983.161643835616,0.0
1983.172602739726,0.1
1983.175342465753,0.7000000000000001
1983.178082191781,0.1
1983.205479452055,0.2
1983.208219178082,0.2
1983.213698630137,0.5
1983.219178082192,0.1
1983.230136986301,0.1
1983.246575342466,0.2
1983.249315068493,0.4
1983.252054794521,0.1
1983.257534246575,0.1
1983.260273972603,0.3
1983.26301369863,0.3
1983.265753424658,1.3
1983.268493150685,0.7000000000000001
1983.271232876712,0.2
1983.279452054795,0.7000000000000001
1983.282191780822,0.5
1983.306849315069,0.1
1983.320547945206,0.2
1983.323287671233,0.1
1983.32602739726,2.3
1983.328767123288,2.5
1983.331506849315,1.2
1983.334246575342,1.2
1983.33698630137,0.1
1983.345205479452,0.6
1983.358904109589,0.4
1983.361643835616,0.1
1983.364383561644,0.8
1983.367123287671,0.9
1983.375342465753,0.2
1983.378082191781,0.3
1983.383561643836,0.5
1983.386301369863,0.2
1983.402739726027,0.6
1983.405479452055,0.1
1983.413698630137,0.0
1983.419178082192,1.2
1983.452054794521,0.2
1983.46301369863,1.3
1983.484931506849,0.1
1983.487671232877,0.8
1983.490410958904,1.3
1983.495890410959,0.0
1983.504109589041,0.2
1983.520547945205,1.0
1983.558904109589,0.1
1983.580821917808,0.1
1983.591780821918,0.5
1983.608219178082,0.1
1983.627397260274,0.1
1983.638356164384,0.4
1983.652054794521,0.8
1983.654794520548,1.3
1983.665753424658,0.0
1983.682191780822,0.1
1983.693150684931,1.0
1983.717808219178,0.6
1983.720547945205,0.1
1983.747945205479,0.0
1983.756164383562,1.0
1983.758904109589,0.2
1983.778082191781,0.9
1983.780821917808,0.5
1983.791780821918,0.2
1983.794520547945,0.8
1983.797260273973,0.1
1983.8,3.9
1983.802739726027,1.3
1983.805479452055,1.8
1983.808219178082,0.1
1983.832876712329,0.0
1983.857534246575,1.0
1983.860273972603,0.1
1983.871232876712,0.6
1983.87397260274,0.1
1983.882191780822,0.1
1983.884931506849,0.2
1983.890410958904,0.1
1983.893150684931,1.2
1983.904109589041,1.2
1983.915068493151,0.0
1983.917808219178,0.2
1983.920547945205,0.4
1983.923287671233,0.1
1983.928767123288,0.1
1983.939726027397,0.1
1983.942465753425,1.0
1983.945205479452,0.1
1983.950684931507,0.1
1983.969863013699,0.6
1983.986301369863,0.1
1983.98904109589,0.3
1984.0,0.0
1984.010928961749,0.1
1984.021857923497,0.1
1984.035519125683,0.1
1984.054644808743,0.1
1984.05737704918,0.3
1984.071038251366,0.1
1984.084699453552,0.0
1984.087431693989,0.0
1984.092896174863,0.2
1984.112021857924,0.1
1984.114754098361,0.1
1984.120218579235,0.1
1984.128415300547,0.1
1984.133879781421,0.1
1984.150273224044,0.4
1984.153005464481,0.1
1984.158469945355,0.4
1984.16393442623,0.0
1984.174863387978,0.3
1984.177595628415,0.2
1984.245901639344,0.0
1984.248633879781,0.0
1984.251366120219,3.3
1984.254098360656,0.4
1984.256830601093,0.5
1984.25956284153,0.3
1984.267759562842,0.1
1984.270491803279,0.2
1984.27868852459,0.4
1984.289617486339,0.2
1984.292349726776,0.1
1984.303278688525,2.1
1984.306010928962,0.5
1984.308743169399,0.3
1984.327868852459,0.2
1984.330601092896,0.0
1984.33606557377,0.7000000000000001
1984.338797814208,0.7000000000000001
1984.344262295082,0.4
1984.346994535519,0.1
1984.363387978142,0.2
1984.387978142076,0.2
1984.390710382514,0.2
1984.398907103825,1.2
1984.404371584699,0.1
1984.415300546448,0.0
1984.456284153006,0.1
1984.467213114754,0.7000000000000001
1984.478142076503,0.1
1984.497267759563,0.0
1984.505464480874,3.0
1984.508196721311,0.7000000000000001
1984.565573770492,0.5
1984.581967213115,0.0
1984.66393442623,0.0
1984.666666666667,0.0
1984.745901639344,0.0
1984.748633879781,5.9
1984.765027322404,0.4
1984.767759562842,0.6
1984.781420765027,0.0
1984.830601092896,0.0
1984.833333333333,0.0
1984.83606557377,1.6
1984.841530054645,0.2
1984.844262295082,0.1
1984.912568306011,0.0
1984.915300546448,0.0
1984.959016393443,0.0
1984.964480874317,0.2
1984.967213114754,0.1
1984.969945355191,1.9
1984.983606557377,0.8
1984.991803278689,0.7000000000000001
1984.994535519126,0.8
1984.997267759563,0.2
1985.0,0.7000000000000001
1985.005479452055,0.1
1985.008219178082,0.2
1985.01095890411,0.1
1985.016438356164,0.1
1985.024657534247,0.2
1985.041095890411,0.1
1985.046575342466,0.1
1985.079452054795,0.2
1985.084931506849,0.0
1985.104109589041,0.1
1985.109589041096,0.6
1985.112328767123,1.0
1985.142465753425,0.6
1985.147945205479,0.1
1985.161643835616,0.0
1985.169863013699,0.4
1985.178082191781,0.1
1985.180821917808,0.3
1985.18904109589,0.6
1985.197260273973,0.1
1985.232876712329,0.1
1985.235616438356,0.1
1985.238356164384,0.2
1985.241095890411,0.4
1985.243835616438,0.3
1985.246575342466,0.0
1985.254794520548,0.4
1985.257534246575,0.7000000000000001
1985.260273972603,0.2
1985.26301369863,0.2
1985.27397260274,0.1
1985.282191780822,0.2
1985.284931506849,0.1
1985.287671232877,0.1
1985.328767123288,0.7000000000000001
1985.331506849315,0.8
1985.358904109589,0.4
1985.364383561644,1.1
1985.367123287671,0.3
1985.369863013699,0.1
1985.372602739726,0.1
1985.386301369863,0.2
1985.4,0.5
1985.402739726027,0.1
1985.413698630137,0.0
1985.416438356164,0.3
1985.419178082192,0.1
1985.421917808219,0.1
1985.427397260274,0.1
1985.430136986301,0.3
1985.438356164384,0.1
1985.441095890411,0.5
1985.443835616438,0.1
1985.452054794521,0.4
1985.457534246575,0.2
1985.471232876712,0.2
1985.476712328767,0.9
1985.482191780822,0.1
1985.495890410959,0.4
1985.498630136986,0.2
1985.501369863014,0.7000000000000001
1985.550684931507,0.3
1985.564383561644,0.6
1985.575342465753,0.3
1985.578082191781,1.2
1985.580821917808,0.7000000000000001
1985.591780821918,0.9
1985.594520547945,0.7000000000000001
1985.597260273973,0.1
1985.613698630137,0.4
1985.619178082192,0.8
1985.621917808219,0.4
1985.624657534247,0.1
1985.632876712329,0.1
1985.635616438356,0.1
1985.641095890411,0.1
1985.643835616438,0.2
1985.646575342466,0.5
1985.649315068493,0.1
1985.652054794521,0.1
1985.657534246575,0.1
1985.660273972603,1.1
1985.66301369863,0.1
1985.665753424658,0.0
1985.668493150685,0.1
1985.73698630137,0.1
1985.739726027397,0.1
1985.747945205479,0.0
1985.750684931507,0.1
1985.753424657534,0.1
1985.756164383562,0.1
1985.767123287671,0.1
1985.783561643836,0.1
1985.786301369863,0.1
1985.78904109589,0.1
1985.8,2.0
1985.802739726027,1.2
1985.808219178082,0.2
1985.824657534247,0.4
1985.827397260274,0.2
1985.832876712329,0.1
1985.838356164384,0.2
1985.857534246575,0.1
1985.860273972603,0.5
1985.86301369863,1.5
1985.868493150685,0.5
1985.871232876712,1.9
1985.87397260274,0.5
1985.884931506849,0.1
1985.898630136986,0.2
1985.901369863014,0.6
1985.904109589041,1.0
1985.906849315068,0.2
1985.909589041096,0.0
1985.912328767123,0.0
1985.915068493151,0.0
1985.917808219178,0.0
1985.93698630137,0.1
1985.939726027397,1.0
1985.945205479452,0.1
1986.0,0.0
1986.043835616438,0.1
1986.046575342466,0.8
1986.049315068493,0.3
1986.084931506849,0.0
1986.087671232877,0.0
1986.090410958904,0.5
1986.093150684932,0.3
1986.098630136986,0.8
1986.112328767123,0.1
1986.120547945206,0.2
1986.128767123288,0.1
1986.147945205479,0.3
1986.153424657534,0.1
1986.161643835616,0.0
1986.186301369863,0.4
1986.191780821918,0.5
1986.197260273973,0.1
1986.208219178082,0.5
1986.21095890411,0.2
1986.221917808219,0.1
1986.230136986301,0.3
1986.246575342466,0.1
1986.249315068493,0.1
1986.26301369863,0.2
1986.276712328767,0.1
1986.282191780822,0.4
1986.295890410959,0.3
1986.298630136986,0.7000000000000001
1986.301369863014,0.1
1986.312328767123,0.1
1986.328767123288,0.1
1986.345205479452,0.3
1986.358904109589,0.2
1986.364383561644,0.2
1986.367123287671,0.1
1986.386301369863,0.1
1986.38904109589,0.1
1986.394520547945,0.3
1986.397260273973,0.7000000000000001
1986.402739726027,0.3
1986.413698630137,0.1
1986.427397260274,0.4
1986.438356164384,0.1
1986.441095890411,0.3
1986.454794520548,0.7000000000000001
1986.471232876712,0.1
1986.476712328767,0.1
1986.493150684932,0.6
1986.495890410959,1.0
1986.498630136986,0.1
1986.515068493151,0.2
1986.517808219178,0.2
1986.520547945205,0.2
1986.523287671233,0.5
1986.52602739726,0.7000000000000001
1986.528767123288,0.9
1986.531506849315,1.8
1986.564383561644,0.1
1986.578082191781,0.7000000000000001
1986.580821917808,0.0
1986.583561643836,0.1
1986.605479452055,1.2
1986.621917808219,0.1
1986.649315068493,0.9
1986.652054794521,0.4
1986.665753424658,0.1
1986.671232876712,0.1
1986.693150684931,1.4
1986.712328767123,0.4
1986.715068493151,0.1
1986.717808219178,0.2
1986.734246575342,0.2
1986.73698630137,0.1
1986.742465753425,0.1
1986.747945205479,0.7000000000000001
1986.750684931507,0.1
1986.756164383562,1.6
1986.778082191781,0.3
1986.780821917808,0.2
1986.81095890411,0.2
1986.813698630137,0.6
1986.832876712329,0.0
1986.841095890411,0.1
1986.843835616438,0.5
1986.852054794521,0.2
1986.860273972603,0.2
1986.884931506849,0.1
1986.893150684931,0.1
1986.898630136986,1.4
1986.901369863014,0.7000000000000001
1986.915068493151,0.9
1986.917808219178,0.2
1986.931506849315,0.1
1986.934246575343,0.4
1986.975342465753,0.5
1987.0,0.1
1987.021917808219,0.1
1987.032876712329,0.1
1987.046575342466,0.1
1987.049315068493,0.4
1987.076712328767,0.1
1987.079452054795,0.1
1987.084931506849,0.1
1987.131506849315,0.1
1987.145205479452,0.1
1987.156164383562,0.4
1987.158904109589,1.0
1987.161643835616,0.1
1987.164383561644,0.0
1987.2,0.4
1987.208219178082,0.3
1987.21095890411,0.4
1987.224657534246,0.4
1987.238356164384,0.2
1987.246575342466,1.0
1987.27397260274,0.2
1987.276712328767,0.2
1987.279452054795,0.2
1987.282191780822,1.0
1987.298630136986,0.1
1987.304109589041,0.1
1987.309589041096,0.1
1987.328767123288,0.0
1987.334246575342,0.5
1987.33698630137,0.3
1987.358904109589,0.2
1987.364383561644,0.6
1987.372602739726,0.1
1987.378082191781,0.1
1987.383561643836,0.1
1987.394520547945,1.3
1987.402739726027,0.2
1987.408219178082,0.1
1987.413698630137,0.3
1987.416438356164,0.8
1987.419178082192,0.4
1987.443835616438,1.0
1987.446575342466,0.1
1987.454794520548,1.2
1987.46301369863,0.1
1987.465753424658,0.1
1987.468493150685,0.6
1987.471232876712,0.7000000000000001
1987.490410958904,0.4
1987.493150684932,0.1
1987.495890410959,1.2
1987.504109589041,0.4
1987.506849315068,0.1
1987.509589041096,1.1
1987.512328767123,0.1
1987.517808219178,0.0
1987.578082191781,0.0
1987.580821917808,0.0
1987.66301369863,0.0
1987.665753424658,0.0
1987.745205479452,0.0
1987.747945205479,0.0
1987.830136986301,0.0
1987.832876712329,0.0
1987.876712328767,0.1
1987.893150684931,0.1
1987.895890410959,0.5
1987.898630136986,0.6
1987.901369863014,0.7000000000000001
1987.904109589041,0.1
1987.906849315068,0.7000000000000001
1987.909589041096,0.1
1987.915068493151,0.0
1987.920547945205,0.1
1987.934246575343,0.1
1987.942465753425,0.1
1987.950684931507,0.4
1987.997260273973,2.9
1988.0,0.0
1988.081967213115,0.0
1988.084699453552,0.0
1988.087431693989,0.4
1988.090163934426,0.1
1988.109289617486,0.1
1988.117486338798,0.2
1988.122950819672,0.0
1988.161202185792,0.0
1988.16393442623,0.0
1988.166666666667,0.3
1988.169398907104,1.0
1988.185792349727,0.1
1988.193989071038,0.4
1988.210382513661,0.2
1988.229508196721,0.9
1988.245901639344,0.4
1988.248633879781,0.2
1988.254098360656,0.2
1988.262295081967,1.9
1988.265027322404,0.2
1988.295081967213,0.5
1988.306010928962,0.4
1988.330601092896,0.0
1988.349726775956,0.4
1988.363387978142,0.2
1988.371584699453,0.1
1988.374316939891,0.1
1988.387978142076,0.8
1988.390710382514,0.1
1988.415300546448,0.0
1988.437158469945,0.2
1988.459016393443,0.1
1988.497267759563,0.0
1988.510928961749,0.0
1988.513661202186,0.1
1988.51912568306,0.6
1988.524590163934,1.2
1988.530054644809,0.1
1988.543715846994,0.7000000000000001
1988.546448087432,1.7
1988.549180327869,2.4
1988.581967213115,0.0
1988.587431693989,0.2
1988.590163934426,0.1
1988.592896174863,0.4
1988.595628415301,0.2
1988.606557377049,0.2
1988.609289617486,0.1
1988.642076502732,0.4
1988.655737704918,0.4
1988.658469945355,0.1
1988.666666666667,0.0
1988.672131147541,1.3
1988.696721311475,0.3
1988.707650273224,0.9
1988.715846994535,0.2
1988.718579234973,0.3
1988.729508196721,0.3
1988.748633879781,0.4
1988.789617486339,0.2
1988.792349726776,0.1
1988.795081967213,0.5
1988.803278688525,0.5
1988.808743169399,0.3
1988.819672131148,0.2
1988.833333333333,0.0
1988.83606557377,0.1
1988.841530054645,0.6
1988.912568306011,4.4
1988.915300546448,0.0
1988.931693989071,0.0
1988.945355191257,0.0
1988.972677595629,0.6
1988.975409836066,1.0
1988.986338797814,1.3
1988.997267759563,0.5
1989.0,0.0
1989.005479452055,0.0
1989.082191780822,3.2
1989.084931506849,0.0
1989.087671232877,0.6
1989.090410958904,0.2
1989.117808219178,1.2
1989.120547945206,0.6
1989.123287671233,1.1
1989.12602739726,0.1
1989.13698630137,0.0
1989.147945205479,0.7000000000000001
1989.161643835616,0.0
1989.169863013699,0.0
1989.178082191781,1.7
1989.183561643836,0.0
1989.243835616438,0.0
1989.246575342466,0.0
1989.257534246575,0.0
1989.32602739726,0.0
1989.328767123288,0.0
1989.41095890411,0.0
1989.413698630137,0.0
1989.435616438356,0.0
1989.446575342466,0.0
1989.493150684932,2.0
1989.495890410959,0.0
1989.539726027397,3.1
1989.542465753425,0.0
1989.547945205479,1.8
1989.580821917808,0.0
1989.58904109589,0.1
1989.591780821918,0.2
1989.594520547945,0.0
1989.66301369863,5.2
1989.665753424658,0.0
1989.693150684931,0.0
1989.701369863014,0.2
1989.706849315068,0.1
1989.709589041096,0.1
1989.717808219178,0.1
1989.747945205479,0.1
1989.758904109589,0.1
1989.761643835616,0.3
1989.772602739726,0.1
1989.778082191781,0.0
1989.830136986301,0.0
1989.832876712329,0.0
1989.849315068493,0.4
1989.852054794521,0.3
1989.857534246575,0.1
1989.868493150685,0.2
1989.871232876712,1.6
1989.901369863014,0.1
1989.904109589041,0.1
1989.915068493151,0.0
1989.934246575343,0.1
1989.953424657534,0.2
1989.964383561644,0.1
1989.986301369863,0.1
1989.991780821918,0.3
1989.994520547945,0.1
1989.997260273973,0.4
1990.0,0.0
1990.008219178082,0.1
1990.041095890411,0.1
1990.043835616438,0.4
1990.049315068493,1.1
1990.05205479452,0.7000000000000001
1990.076712328767,0.7000000000000001
1990.084931506849,0.3
1990.087671232877,0.2
1990.090410958904,0.4
1990.093150684932,0.5
1990.101369863014,0.1
1990.106849315069,0.9
1990.123287671233,2.3
1990.142465753425,0.1
1990.156164383562,0.3
1990.161643835616,0.0
1990.186301369863,0.5
1990.2,0.5
1990.202739726027,0.2
1990.21095890411,0.1
1990.224657534246,0.5
1990.238356164384,0.2
1990.241095890411,0.4
1990.246575342466,0.3
1990.271232876712,1.0
1990.290410958904,0.1
1990.298630136986,0.3
1990.301369863014,0.5
1990.328767123288,0.6
1990.33698630137,0.5
1990.342465753425,0.3
1990.345205479452,0.0
1990.41095890411,7.5
1990.413698630137,0.0
1990.416438356164,0.0
1990.46301369863,2.5
1990.465753424658,0.7000000000000001
1990.471232876712,0.6
1990.495890410959,0.0
1990.506849315068,0.3
1990.523287671233,0.5
1990.52602739726,0.6
1990.531506849315,0.1
1990.534246575342,0.1
1990.547945205479,0.8
1990.553424657534,0.2
1990.580821917808,0.0
1990.58904109589,1.1
1990.591780821918,0.1
1990.613698630137,0.4
1990.624657534247,0.1
1990.635616438356,0.1
1990.657534246575,0.3
1990.665753424658,0.0
1990.682191780822,0.1
1990.684931506849,0.8
1990.687671232877,0.8
1990.695890410959,0.3
1990.712328767123,0.1
1990.715068493151,0.1
1990.720547945205,0.3
1990.747945205479,0.0
1990.753424657534,0.5
1990.756164383562,1.5
1990.767123287671,0.2
1990.769863013699,0.8
1990.772602739726,0.2
1990.791780821918,1.3
1990.794520547945,0.3
1990.802739726027,0.1
1990.805479452055,0.5
1990.832876712329,0.0
1990.843835616438,0.3
1990.854794520548,0.6
1990.887671232877,0.1
1990.890410958904,0.7000000000000001
1990.906849315068,0.5
1990.915068493151,0.0
1990.917808219178,0.2
1990.920547945205,1.0
1990.953424657534,0.6
1990.958904109589,1.3
1990.961643835617,1.6
1990.969863013699,0.8
1990.972602739726,0.2
1990.975342465753,0.6
1990.986301369863,0.6
1990.98904109589,0.1
1990.991780821918,0.1
1990.994520547945,1.0
1991.0,0.0
1991.01095890411,0.3
1991.013698630137,0.8
1991.024657534247,0.2
1991.027397260274,0.4
1991.038356164383,0.1
1991.041095890411,0.1
1991.071232876712,0.3
1991.076712328767,0.1
1991.079452054795,0.2
1991.084931506849,0.0
1991.095890410959,0.8
1991.098630136986,1.6
1991.117808219178,0.1
1991.120547945206,1.1
1991.131506849315,0.2
1991.158904109589,0.1
1991.161643835616,0.1
1991.164383561644,0.1
1991.194520547945,0.5
1991.197260273973,0.2
1991.2,0.1
1991.205479452055,0.1
1991.208219178082,0.2
1991.21095890411,0.1
1991.213698630137,0.1
1991.216438356164,0.1
1991.219178082192,0.6
1991.221917808219,1.7
1991.230136986301,0.6
1991.232876712329,0.9
1991.235616438356,0.3
1991.246575342466,0.0
1991.309589041096,3.3
1991.315068493151,0.1
1991.317808219178,0.1
1991.320547945206,0.1
1991.323287671233,0.1
1991.328767123288,0.0
1991.339726027397,0.7000000000000001
1991.350684931507,0.3
1991.353424657534,0.1
1991.358904109589,0.1
1991.375342465753,0.9
1991.386301369863,1.6
1991.38904109589,0.2
1991.391780821918,0.1
1991.394520547945,0.3
1991.397260273973,0.2
1991.405479452055,0.6
1991.413698630137,0.0
1991.416438356164,0.0
1991.419178082192,0.0
1991.454794520548,0.6
1991.46301369863,0.0
1991.476712328767,0.0
1991.482191780822,0.0
1991.495890410959,0.0
1991.498630136986,0.3
1991.515068493151,0.4
1991.520547945205,0.2
1991.580821917808,0.0
1991.594520547945,0.5
1991.6,0.1
1991.602739726027,0.6
1991.624657534247,1.2
1991.665753424658,0.0
1991.671232876712,0.0
1991.745205479452,3.6
1991.747945205479,0.0
1991.753424657534,0.1
1991.758904109589,0.3
1991.772602739726,0.6
1991.783561643836,0.1
1991.81095890411,0.1
1991.816438356164,0.3
1991.827397260274,0.1
1991.832876712329,0.1
1991.852054794521,0.1
1991.871232876712,0.1
1991.87397260274,0.1
1991.882191780822,0.1
1991.884931506849,0.2
1991.906849315068,0.2
1991.912328767123,1.1
1991.915068493151,0.2
1991.917808219178,2.2
1991.945205479452,0.1
1991.94794520548,0.6
1991.969863013699,0.2
1991.975342465753,0.5
1991.98904109589,0.1
1991.991780821918,0.2
1992.0,0.0
1992.002732240437,0.2
1992.005464480874,0.1
1992.021857923497,0.1
1992.032786885246,0.4
1992.035519125683,0.2
1992.03825136612,0.1
1992.05737704918,0.1
1992.084699453552,0.0
1992.117486338798,0.2
1992.120218579235,0.2
1992.122950819672,0.1
1992.16393442623,0.0
1992.174863387978,0.1
1992.177595628415,0.2
1992.180327868852,0.4
1992.188524590164,0.1
1992.191256830601,0.1
1992.210382513661,1.1
1992.213114754098,0.6
1992.229508196721,0.2
1992.232240437158,0.1
1992.24043715847,0.1
1992.243169398907,0.5
1992.248633879781,0.0
1992.256830601093,0.1
1992.265027322404,0.1
1992.273224043716,0.2
1992.286885245902,0.3
1992.289617486339,0.2
1992.292349726776,0.2
1992.295081967213,0.1
1992.29781420765,0.1
1992.300546448088,0.2
1992.319672131148,0.2
1992.330601092896,0.0
1992.349726775956,0.1
1992.352459016393,0.4
1992.360655737705,0.4
1992.377049180328,0.2
1992.382513661202,0.0
1992.412568306011,1.7
1992.415300546448,0.0
1992.426229508197,0.4
1992.464480874317,1.9
1992.478142076503,0.7000000000000001
1992.497267759563,0.3
1992.5,1.0
1992.502732240437,0.5
1992.513661202186,0.1
1992.516393442623,0.1
1992.51912568306,0.4
1992.521857923497,0.2
1992.524590163934,0.9
1992.532786885246,0.1
1992.535519125683,0.5
1992.540983606557,0.8
1992.551912568306,0.1
1992.554644808743,0.4
1992.55737704918,0.1
1992.562841530055,0.3
1992.568306010929,0.1
1992.581967213115,0.0
1992.601092896175,9.700000000000001
1992.614754098361,0.1
1992.647540983607,0.4
1992.653005464481,1.0
1992.666666666667,0.1
1992.68306010929,0.1
1992.691256830601,0.4
1992.713114754098,0.1
1992.72131147541,0.3
1992.724043715847,0.1
1992.734972677596,0.4
1992.737704918033,0.1
1992.748633879781,0.0
1992.830601092896,0.0
1992.833333333333,0.1
1992.83606557377,0.3
1992.841530054645,0.1
1992.849726775956,0.2
1992.857923497268,0.2
1992.860655737705,0.4
1992.863387978142,1.0
1992.887978142076,0.2
1992.890710382514,0.8
1992.898907103825,0.1
1992.915300546448,0.0
1992.918032786885,0.1
1992.937158469945,0.1
1992.939890710383,0.2
1992.956284153006,0.1
1992.964480874317,0.1
1992.98087431694,0.1
1992.991803278689,0.4
1992.997267759563,0.1
1993.0,0.0
1993.008219178082,1.4
1993.024657534247,0.3
1993.030136986301,0.1
1993.032876712329,0.1
1993.05205479452,0.1
1993.054794520548,0.9
1993.06301369863,0.5
1993.084931506849,0.0
1993.112328767123,0.2
1993.115068493151,0.3
1993.120547945206,0.1
1993.123287671233,0.3
1993.12602739726,0.4
1993.13698630137,0.2
1993.139726027397,0.6
1993.150684931507,0.3
1993.161643835616,0.0
1993.164383561644,0.2
1993.167123287671,0.3
1993.169863013699,0.9
1993.172602739726,0.1
1993.178082191781,0.1
1993.180821917808,0.1
1993.202739726027,0.2
1993.205479452055,0.1
1993.213698630137,0.2
1993.219178082192,0.4
1993.221917808219,0.3
1993.243835616438,1.0
1993.246575342466,0.2
1993.268493150685,0.3
1993.282191780822,1.0
1993.284931506849,0.4
1993.298630136986,0.1
1993.309589041096,0.2
1993.312328767123,1.2
1993.323287671233,0.2
1993.328767123288,0.0
1993.331506849315,0.2
1993.334246575342,0.2
1993.33698630137,0.2
1993.339726027397,0.1
1993.358904109589,0.2
1993.361643835616,0.2
1993.367123287671,0.1
1993.375342465753,0.8
1993.38904109589,0.1
1993.408219178082,0.4
1993.413698630137,0.0
1993.419178082192,0.1
1993.421917808219,1.0
1993.424657534247,0.1
1993.449315068493,1.2
1993.452054794521,0.2
1993.487671232877,0.6
1993.495890410959,0.0
1993.498630136986,1.5
1993.501369863014,2.9
1993.523287671233,0.0
1993.52602739726,0.0
1993.534246575342,0.1
1993.53698630137,0.5
1993.580821917808,0.0
1993.583561643836,1.9
1993.58904109589,0.2
1993.61095890411,1.6
1993.613698630137,0.1
1993.621917808219,0.2
1993.624657534247,2.2
1993.632876712329,0.4
1993.635616438356,0.0
1993.66301369863,0.4
1993.665753424658,0.0
1993.72602739726,4.4
1993.731506849315,0.8
1993.73698630137,0.1
1993.747945205479,0.0
1993.750684931507,0.2
1993.769863013699,0.8
1993.78904109589,0.2
1993.791780821918,0.1
1993.797260273973,0.3
1993.8,1.3
1993.827397260274,0.1
1993.832876712329,0.1
1993.841095890411,0.1
1993.86301369863,0.7000000000000001
1993.865753424657,1.1
1993.868493150685,2.6
1993.87397260274,0.7000000000000001
1993.898630136986,0.2
1993.901369863014,0.2
1993.915068493151,0.0
1993.920547945205,0.7000000000000001
1993.923287671233,1.1
1993.939726027397,0.2
1993.950684931507,0.3
1993.953424657534,0.1
1993.961643835617,0.1
1993.980821917808,0.1
1993.983561643836,0.1
1994.0,0.0
1994.01095890411,0.1
1994.013698630137,0.1
1994.027397260274,0.3
1994.041095890411,0.4
1994.043835616438,0.3
1994.082191780822,0.0
1994.084931506849,0.0
1994.093150684932,0.1
1994.104109589041,0.4
1994.106849315069,0.1
1994.13698630137,0.2
1994.142465753425,0.8
1994.145205479452,0.2
1994.161643835616,0.0
1994.183561643836,0.2
1994.186301369863,0.1
1994.194520547945,0.1
1994.208219178082,0.2
1994.219178082192,0.1
1994.230136986301,0.3
1994.232876712329,0.2
1994.235616438356,0.1
1994.246575342466,0.0
1994.252054794521,0.5
1994.257534246575,0.0
1994.32602739726,0.0
1994.328767123288,0.0
1994.41095890411,0.0
1994.413698630137,0.0
1994.493150684932,0.0
1994.495890410959,0.0
1994.578082191781,0.0
1994.580821917808,0.3
1994.591780821918,0.0
1994.605479452055,0.0
1994.61095890411,0.4
1994.613698630137,0.1
1994.616438356164,0.8
1994.649315068493,0.1
1994.654794520548,0.5
1994.657534246575,0.1
1994.665753424658,0.0
1994.676712328767,0.5
1994.709589041096,0.4
1994.72602739726,1.1
1994.728767123288,0.2
1994.731506849315,0.1
1994.734246575342,1.2
1994.747945205479,0.0
1994.767123287671,0.1
1994.769863013699,0.4
1994.780821917808,0.3
1994.794520547945,0.4
1994.797260273973,0.5
1994.824657534247,0.1
1994.832876712329,0.0
1994.841095890411,1.1
1994.843835616438,0.4
1994.854794520548,0.2
1994.857534246575,0.9
1994.860273972603,0.0
1994.887671232877,0.0
1994.904109589041,0.7000000000000001
1994.915068493151,0.0
1994.923287671233,0.5
1994.92602739726,0.6
1994.93698630137,1.2
1994.939726027397,0.8
1994.958904109589,0.8
1994.98904109589,0.0
1994.997260273973,0.0
1995.0,0.0
1995.013698630137,0.7000000000000001
1995.016438356164,0.1
1995.019178082192,0.1
1995.027397260274,0.2
1995.035616438356,0.3
1995.049315068493,0.5
1995.071232876712,0.1
1995.07397260274,1.0
1995.084931506849,0.0
1995.090410958904,0.2
1995.120547945206,0.9
1995.153424657534,0.5
1995.161643835616,0.0
1995.169863013699,0.5
1995.172602739726,0.2
1995.175342465753,0.8
1995.180821917808,0.1
1995.219178082192,0.1
1995.230136986301,0.3
1995.246575342466,0.0
1995.249315068493,0.0
1995.252054794521,0.1
1995.254794520548,0.1
1995.265753424658,1.0
1995.27397260274,0.1
1995.276712328767,0.2
1995.290410958904,0.5
1995.298630136986,1.9
1995.301369863014,1.4
1995.306849315069,0.5
1995.32602739726,0.2
1995.328767123288,0.8
1995.331506849315,0.1
1995.33698630137,0.2
1995.350684931507,2.0
1995.353424657534,0.2
1995.361643835616,1.5
1995.369863013699,0.1
1995.372602739726,0.9
1995.375342465753,1.8
1995.391780821918,0.1
1995.394520547945,1.7
1995.4,0.5
1995.402739726027,0.7000000000000001
1995.413698630137,0.1
1995.416438356164,1.1
1995.432876712329,0.1
1995.441095890411,0.3
1995.465753424658,0.8
1995.468493150685,0.1
1995.484931506849,0.1
1995.487671232877,0.1
1995.490410958904,0.3
1995.493150684932,0.1
1995.495890410959,0.0
1995.504109589041,0.5
1995.506849315068,0.3
1995.547945205479,0.1
1995.553424657534,0.2
1995.556164383562,0.3
1995.561643835616,0.1
1995.580821917808,0.1
1995.58904109589,0.0
1995.66301369863,0.0
1995.665753424658,0.0
1995.706849315068,0.3
1995.717808219178,0.4
1995.731506849315,0.1
1995.747945205479,0.0
1995.753424657534,1.0
1995.758904109589,1.0
1995.830136986301,0.0
1995.832876712329,0.0
1995.838356164384,0.0
1995.846575342466,0.1
1995.849315068493,0.1
1995.857534246575,0.1
1995.860273972603,0.8
1995.865753424657,0.1
1995.890410958904,0.1
1995.912328767123,0.0
1995.915068493151,0.0
1995.94794520548,0.4
1995.953424657534,0.6
1995.961643835617,1.1
1995.997260273973,0.0
1996.0,0.0
1996.024590163934,0.0
1996.032786885246,0.1
1996.046448087432,1.1
1996.060109289617,1.3
1996.084699453552,0.0
1996.101092896175,0.1
1996.133879781421,0.2
1996.153005464481,0.1
1996.155737704918,0.3
1996.16393442623,0.0
1996.166666666667,0.0
1996.169398907104,0.0
1996.177595628415,0.0
1996.204918032787,0.1
1996.213114754098,0.9
1996.215846994535,0.2
1996.229508196721,0.2
1996.237704918033,0.4
1996.245901639344,1.0
1996.248633879781,0.4
1996.256830601093,0.2
1996.267759562842,0.1
1996.281420765027,0.2
1996.286885245902,0.1
1996.29781420765,0.1
1996.300546448088,1.8
1996.308743169399,1.2
1996.314207650273,0.1
1996.31693989071,0.1
1996.322404371585,3.5
1996.325136612022,2.5
1996.330601092896,0.1
1996.333333333333,0.6
1996.33606557377,1.4
1996.338797814208,0.3
1996.349726775956,0.8
1996.35519125683,1.1
1996.357923497268,0.5
1996.368852459016,0.5
1996.393442622951,0.2
1996.398907103825,0.9
1996.401639344262,1.0
1996.404371584699,0.4
1996.415300546448,0.0
1996.418032786885,0.3
1996.420765027322,0.0
1996.494535519126,0.0
1996.497267759563,0.0
1996.508196721311,0.0
1996.53825136612,0.0
1996.540983606557,0.1
1996.546448087432,0.3
1996.551912568306,0.1
1996.560109289617,0.5
1996.562841530055,0.1
1996.571038251366,0.1
1996.581967213115,0.0
1996.622950819672,0.3
1996.628415300547,0.4
1996.642076502732,0.6
1996.64480874317,0.2
1996.653005464481,0.9
1996.666666666667,0.0
1996.685792349727,0.5
1996.688524590164,1.1
1996.704918032787,0.1
1996.707650273224,2.2
1996.72131147541,0.7000000000000001
1996.734972677596,0.3
1996.737704918033,1.4
1996.74043715847,0.4
1996.748633879781,0.0
1996.795081967213,0.5
1996.806010928962,0.3
1996.81693989071,0.3
1996.833333333333,0.0
1996.849726775956,0.6
1996.877049180328,0.3
1996.887978142076,0.1
1996.896174863388,0.1
1996.898907103825,1.2
1996.901639344262,0.2
1996.909836065574,0.1
1996.912568306011,0.9
1996.915300546448,0.1
1996.926229508197,0.2
1996.945355191257,0.2
1996.956284153006,1.4
1996.959016393443,0.4
1996.972677595629,0.1
1996.975409836066,0.9
1996.989071038251,0.1
1997.0,0.0
1997.008219178082,0.3
1997.01095890411,0.1
1997.021917808219,0.2
1997.024657534247,0.1
1997.038356164383,0.3
1997.054794520548,0.1
1997.057534246575,0.7000000000000001
1997.06301369863,0.2
1997.071232876712,1.1
1997.082191780822,0.1
1997.084931506849,0.0
1997.090410958904,0.3
1997.093150684932,0.9
1997.104109589041,0.1
1997.117808219178,0.1
1997.131506849315,0.1
1997.13698630137,0.1
1997.139726027397,0.3
1997.153424657534,0.3
1997.156164383562,0.2
1997.158904109589,0.2
1997.161643835616,1.9
1997.164383561644,0.1
1997.167123287671,0.3
1997.172602739726,0.1
1997.183561643836,0.8
1997.194520547945,0.4
1997.197260273973,0.1
1997.208219178082,1.1
1997.227397260274,0.1
1997.235616438356,0.3
1997.238356164384,0.1
1997.243835616438,0.1
1997.246575342466,0.0
1997.257534246575,0.4
1997.27397260274,0.1
1997.276712328767,0.4
1997.287671232877,0.1
1997.295890410959,0.2
1997.298630136986,0.1
1997.301369863014,0.6
1997.317808219178,0.3
1997.32602739726,0.3
1997.328767123288,0.0
1997.331506849315,2.1
1997.334246575342,0.1
1997.339726027397,0.1
1997.347945205479,0.8
1997.361643835616,0.1
1997.391780821918,0.2
1997.394520547945,2.7
1997.397260273973,0.3
1997.402739726027,0.4
1997.405479452055,0.1
1997.408219178082,0.2
1997.41095890411,2.1
1997.413698630137,0.4
1997.427397260274,0.2
1997.432876712329,1.2
1997.446575342466,0.5
1997.454794520548,0.8
1997.457534246575,0.6
1997.468493150685,0.7000000000000001
1997.493150684932,0.2
1997.495890410959,0.0
1997.531506849315,0.4
1997.550684931507,0.4
1997.553424657534,1.0
1997.567123287671,0.2
1997.580821917808,0.0
1997.602739726027,0.1
1997.605479452055,0.2
1997.61095890411,0.9
1997.613698630137,0.3
1997.619178082192,0.5
1997.624657534247,1.4
1997.630136986301,0.1
1997.632876712329,0.1
1997.643835616438,0.1
1997.665753424658,0.0
1997.668493150685,0.2
1997.687671232877,0.2
1997.72602739726,0.1
1997.747945205479,0.0
1997.750684931507,0.0
1997.830136986301,0.0
1997.832876712329,0.0
1997.841095890411,0.0
1997.846575342466,0.1
1997.860273972603,0.1
1997.865753424657,0.7000000000000001
1997.871232876712,0.1
1997.887671232877,0.5
1997.912328767123,1.4
1997.915068493151,0.0
1997.920547945205,0.2
1997.93698630137,0.3
1997.939726027397,0.2
1997.969863013699,0.1
1997.972602739726,0.3
1997.978082191781,0.8
1998.0,0.0
1998.005479452055,0.1
1998.01095890411,0.2
1998.013698630137,0.2
1998.016438356164,0.9
1998.019178082192,0.1
1998.030136986301,0.1
1998.046575342466,0.1
1998.057534246575,0.2
1998.060273972603,0.1
1998.084931506849,0.0
1998.093150684932,0.3
1998.095890410959,0.6
1998.098630136986,0.1
1998.112328767123,0.2
1998.12602739726,0.2
1998.128767123288,0.3
1998.131506849315,0.1
1998.13698630137,0.1
1998.145205479452,0.1
1998.161643835616,0.0
1998.169863013699,0.2
1998.180821917808,1.6
1998.183561643836,0.1
1998.205479452055,0.1
1998.208219178082,0.3
1998.21095890411,0.1
1998.213698630137,0.9
1998.216438356164,0.1
1998.243835616438,0.6
1998.246575342466,0.1
1998.252054794521,0.4
1998.254794520548,0.1
1998.26301369863,0.8
1998.265753424658,0.6
1998.268493150685,0.1
1998.279452054795,0.2
1998.284931506849,1.1
1998.287671232877,1.5
1998.290410958904,0.1
1998.293150684932,0.1
1998.295890410959,0.1
1998.301369863014,0.3
1998.304109589041,0.1
1998.315068493151,0.4
1998.320547945206,0.1
1998.323287671233,1.2
1998.32602739726,0.8
1998.328767123288,0.0
1998.331506849315,0.2
1998.339726027397,0.1
1998.345205479452,0.8
1998.353424657534,0.1
1998.378082191781,1.0
1998.386301369863,0.6
1998.38904109589,1.9
1998.391780821918,0.2
1998.394520547945,0.1
1998.413698630137,0.0
1998.424657534247,0.5
1998.432876712329,0.2
1998.435616438356,1.7
1998.438356164384,0.1
1998.441095890411,0.2
1998.443835616438,0.7000000000000001
1998.449315068493,0.1
1998.46301369863,0.5
1998.468493150685,0.7000000000000001
1998.471232876712,2.0
1998.47397260274,0.2
1998.490410958904,0.8
1998.495890410959,0.0
1998.504109589041,0.2
1998.512328767123,0.8
1998.531506849315,0.1
1998.534246575342,0.4
1998.547945205479,3.0
1998.575342465753,0.7000000000000001
1998.580821917808,0.0
1998.58904109589,0.1
1998.594520547945,1.1
1998.597260273973,0.2
1998.6,1.0
1998.602739726027,0.3
1998.605479452055,0.1
1998.665753424658,0.0
1998.717808219178,1.6
1998.747945205479,0.0
1998.753424657534,0.2
1998.764383561644,1.1
1998.780821917808,0.1
1998.794520547945,0.3
1998.802739726027,0.1
1998.821917808219,0.1
1998.824657534247,0.1
1998.832876712329,0.0
1998.835616438356,0.2
1998.838356164384,0.2
1998.854794520548,0.4
1998.857534246575,0.7000000000000001
1998.884931506849,0.4
1998.898630136986,0.7000000000000001
1998.912328767123,0.1
1998.915068493151,0.0
1998.931506849315,0.6
1998.953424657534,0.1
1998.964383561644,0.1
1998.969863013699,2.8
1998.997260273973,0.1
1999.0,0.0
1999.002739726027,1.1
1999.013698630137,0.1
1999.016438356164,0.1
1999.019178082192,0.7000000000000001
1999.027397260274,0.1
1999.032876712329,0.5
1999.043835616438,0.2
1999.054794520548,0.3
1999.057534246575,1.7
1999.060273972603,0.4
1999.082191780822,1.1
1999.084931506849,0.3
1999.098630136986,0.1
1999.101369863014,1.2
1999.112328767123,0.3
1999.12602739726,0.1
1999.156164383562,0.8
1999.161643835616,0.0
1999.172602739726,0.3
1999.175342465753,0.5
1999.180821917808,0.3
1999.183561643836,0.9
1999.197260273973,0.4
1999.246575342466,0.0
1999.265753424658,0.1
1999.268493150685,0.2
1999.284931506849,0.3
1999.290410958904,0.1
1999.295890410959,0.1
1999.301369863014,0.2
1999.315068493151,0.1
1999.317808219178,0.1
1999.320547945206,0.3
1999.328767123288,0.0
1999.339726027397,0.1
1999.342465753425,0.6
1999.361643835616,0.3
1999.372602739726,0.2
1999.375342465753,0.3
1999.386301369863,0.1
1999.38904109589,0.3
1999.41095890411,0.1
1999.413698630137,0.0
1999.416438356164,0.6
1999.424657534247,0.1
1999.443835616438,0.1
1999.446575342466,0.2
1999.449315068493,0.3
1999.465753424658,0.1
1999.476712328767,1.1
1999.482191780822,0.1
1999.484931506849,0.4
1999.487671232877,0.2
1999.495890410959,0.8
1999.498630136986,0.1
1999.517808219178,0.3
1999.580821917808,0.0
1999.6,0.9
1999.61095890411,0.1
1999.630136986301,0.5
1999.665753424658,0.0
1999.684931506849,0.0
1999.687671232877,0.0
1999.728767123288,0.1
1999.742465753425,0.2
1999.747945205479,0.0
1999.750684931507,0.1
1999.767123287671,0.3
1999.769863013699,1.4
1999.772602739726,0.1
1999.832876712329,0.2
1999.835616438356,0.7000000000000001
1999.882191780822,0.6
1999.898630136986,0.1
1999.901369863014,0.2
1999.915068493151,0.0
1999.920547945205,0.1
1999.92602739726,0.2
1999.939726027397,0.7000000000000001
1999.945205479452,0.8
1999.94794520548,0.8
1999.950684931507,0.1
1999.953424657534,0.1
1999.964383561644,0.1
1999.978082191781,0.1
1999.994520547945,0.1
2000.0,0.0
2000.002732240437,0.8
2000.005464480874,3.4
2000.027322404371,0.1
2000.030054644809,0.3
2000.05737704918,0.2
2000.084699453552,0.1
2000.087431693989,0.1
2000.090163934426,0.0
2000.106557377049,0.0
2000.117486338798,1.6
2000.128415300547,0.3
2000.131147540984,2.5
2000.142076502732,0.1
2000.147540983607,0.6
2000.153005464481,0.2
2000.155737704918,0.2
2000.16393442623,0.0
2000.191256830601,0.4
2000.204918032787,1.0
2000.207650273224,0.0
2000.213114754098,0.6
2000.215846994535,0.1
2000.22131147541,0.1
2000.234972677596,0.4
2000.245901639344,0.1
2000.248633879781,0.0
2000.251366120219,0.6
2000.254098360656,0.3
2000.256830601093,0.1
2000.275956284153,0.0
2000.292349726776,1.0
2000.29781420765,0.1
2000.300546448088,0.1
2000.314207650273,0.1
2000.330601092896,0.2
2000.333333333333,0.1
2000.33606557377,0.6
2000.341530054645,0.6
2000.344262295082,0.1
2000.346994535519,0.7000000000000001
2000.352459016393,0.2
2000.35519125683,0.0
2000.412568306011,0.0
2000.415300546448,0.0
2000.450819672131,0.0
2000.494535519126,0.0
2000.497267759563,0.0
2000.530054644809,0.0
2000.546448087432,2.3
2000.571038251366,0.6
2000.573770491803,0.5
2000.57650273224,0.3
2000.579234972678,0.5
2000.581967213115,0.0
2000.587431693989,0.1
2000.598360655738,3.7
2000.601092896175,1.2
2000.603825136612,0.0
2000.66393442623,0.0
2000.666666666667,0.0
2000.699453551912,0.0
2000.745901639344,0.0
2000.748633879781,0.0
2000.754098360656,0.0
2000.756830601093,0.7000000000000001
2000.75956284153,0.1
2000.792349726776,0.1
2000.819672131148,0.1
2000.825136612022,0.1
2000.833333333333,0.2
2000.846994535519,0.2
2000.849726775956,0.2
2000.852459016393,0.2
2000.85519125683,1.5
2000.857923497268,0.1
2000.866120218579,0.1
2000.871584699453,0.7000000000000001
2000.874316939891,0.2
2000.885245901639,1.6
2000.887978142076,0.0
2000.912568306011,0.0
2000.915300546448,0.0
2000.950819672131,0.0
2000.96174863388,0.1
2000.969945355191,0.1
2000.986338797814,0.1
2000.997267759563,0.1
2001.0,0.0
2001.057534246575,0.0
2001.068493150685,0.1
2001.07397260274,0.1
2001.076712328767,0.4
2001.079452054795,0.2
2001.084931506849,0.0
2001.093150684932,0.1
2001.104109589041,0.2
2001.106849315069,0.7000000000000001
2001.112328767123,0.0
2001.117808219178,0.2
2001.120547945206,0.1
2001.123287671233,0.2
2001.134246575343,0.0
2001.147945205479,0.7000000000000001
2001.161643835616,0.0
2001.167123287671,0.4
2001.180821917808,0.0
2001.183561643836,0.0
2001.194520547945,0.2
2001.246575342466,0.0
2001.271232876712,0.9
2001.27397260274,0.1
2001.284931506849,0.2
2001.298630136986,0.1
2001.306849315069,0.4
2001.315068493151,0.1
2001.328767123288,0.0
2001.342465753425,0.4
2001.345205479452,0.9
2001.347945205479,0.1
2001.356164383562,0.1
2001.372602739726,0.3
2001.375342465753,0.2
2001.378082191781,0.9
2001.383561643836,0.3
2001.386301369863,0.1
2001.38904109589,0.2
2001.391780821918,0.1
2001.394520547945,0.2
2001.397260273973,0.4
2001.413698630137,0.0
2001.416438356164,0.1
2001.421917808219,0.7000000000000001
2001.424657534247,0.4
2001.452054794521,1.2
2001.46301369863,0.2
2001.465753424658,0.5
2001.468493150685,1.0
2001.490410958904,0.1
2001.495890410959,0.1
2001.501369863014,0.6
2001.504109589041,1.8
2001.506849315068,0.5
2001.515068493151,0.7000000000000001
2001.517808219178,0.1
2001.528767123288,0.0
2001.53698630137,0.0
2001.578082191781,0.0
2001.580821917808,0.0
2001.586301369863,0.1
2001.605479452055,0.1
2001.627397260274,1.3
2001.630136986301,0.2
2001.646575342466,0.4
2001.66301369863,0.2
2001.665753424658,0.0
2001.676712328767,0.1
2001.679452054794,0.1
2001.682191780822,0.9
2001.687671232877,2.1
2001.690410958904,0.1
2001.712328767123,0.1
2001.715068493151,0.6
2001.723287671233,0.1
2001.72602739726,1.8
2001.728767123288,0.2
2001.747945205479,0.0
2001.758904109589,0.6
2001.775342465754,0.4
2001.778082191781,0.3
2001.783561643836,1.3
2001.786301369863,0.1
2001.78904109589,0.2
2001.808219178082,0.9
2001.81095890411,1.0
2001.832876712329,0.0
2001.871232876712,0.1
2001.882191780822,0.2
2001.895890410959,0.8
2001.901369863014,0.3
2001.904109589041,0.3
2001.906849315068,1.5
2001.909589041096,1.1
2001.912328767123,0.1
2001.915068493151,0.0
2001.928767123288,0.4
2001.934246575343,0.2
2001.945205479452,0.5
2001.94794520548,0.1
2001.950684931507,0.4
2001.956164383562,1.6
2001.958904109589,1.6
2001.972602739726,0.4
2001.975342465753,0.1
2002.0,0.0
2002.013698630137,0.3
2002.049315068493,0.1
2002.06301369863,1.0
2002.079452054795,0.6
2002.082191780822,0.6
2002.084931506849,0.6
2002.109589041096,0.1
2002.13698630137,0.5
2002.150684931507,0.2
2002.153424657534,0.2
2002.161643835616,0.0
2002.164383561644,0.8
2002.183561643836,0.6
2002.2,1.4
2002.202739726027,0.3
2002.208219178082,0.0
2002.21095890411,0.8
2002.213698630137,0.3
2002.227397260274,0.5
2002.230136986301,0.7000000000000001
2002.238356164384,0.2
2002.246575342466,0.0
2002.252054794521,0.1
2002.265753424658,0.3
2002.276712328767,0.7000000000000001
2002.279452054795,0.6
2002.282191780822,1.7
2002.284931506849,0.1
2002.293150684932,0.1
2002.298630136986,0.2
2002.301369863014,1.9
2002.309589041096,0.4
2002.317808219178,1.1
2002.320547945206,1.4
2002.328767123288,0.5
2002.331506849315,0.1
2002.342465753425,1.9
2002.345205479452,0.2
2002.347945205479,1.6
2002.350684931507,0.1
2002.353424657534,0.1
2002.358904109589,0.8
2002.361643835616,1.3
2002.364383561644,0.1
2002.372602739726,0.5
2002.375342465753,0.1
2002.386301369863,0.1
2002.394520547945,0.6
2002.405479452055,0.5
2002.413698630137,0.0
2002.424657534247,0.8
2002.427397260274,0.8
2002.446575342466,1.0
2002.452054794521,0.2
2002.457534246575,0.1
2002.476712328767,0.1
2002.479452054795,0.5
2002.482191780822,0.2
2002.484931506849,0.8
2002.495890410959,0.0
2002.517808219178,0.4
2002.52602739726,0.0
2002.539726027397,0.1
2002.545205479452,1.3
2002.547945205479,0.1
2002.553424657534,0.5
2002.580821917808,0.0
2002.616438356164,1.5
2002.624657534247,0.1
2002.630136986301,0.2
2002.641095890411,0.5
2002.652054794521,0.1
2002.665753424658,0.0
2002.701369863014,0.0
2002.704109589041,0.0
2002.712328767123,0.2
2002.715068493151,0.3
2002.717808219178,0.7000000000000001
2002.734246575342,1.3
2002.73698630137,1.9
2002.747945205479,0.0
2002.756164383562,0.4
2002.772602739726,0.2
2002.775342465754,0.9
2002.797260273973,0.3
2002.813698630137,1.6
2002.821917808219,0.2
2002.824657534247,0.9
2002.827397260274,0.1
2002.832876712329,0.0
2002.838356164384,0.1
2002.843835616438,0.4
2002.846575342466,0.1
2002.854794520548,0.1
2002.857534246575,1.3
2002.871232876712,0.1
2002.887671232877,0.1
2002.906849315068,0.0
2002.912328767123,0.0
2002.915068493151,0.0
2002.93698630137,0.0
2002.939726027397,0.1
2002.942465753425,0.3
2002.94794520548,0.5
2002.950684931507,0.1
2002.961643835617,0.3
2002.964383561644,1.2
2002.978082191781,0.2
2002.994520547945,0.2
2002.997260273973,0.6
2003.0,0.8
2003.002739726027,0.1
2003.076712328767,0.1
2003.084931506849,0.1
2003.090410958904,0.1
2003.098630136986,0.0
2003.104109589041,0.0
2003.109589041096,0.2
2003.112328767123,0.1
2003.120547945206,0.5
2003.123287671233,0.3
2003.12602739726,0.3
2003.128767123288,0.1
2003.134246575343,0.2
2003.139726027397,0.1
2003.142465753425,1.3
2003.147945205479,0.2
2003.161643835616,0.0
2003.191780821918,0.1
2003.194520547945,0.5
2003.208219178082,0.1
2003.21095890411,0.4
2003.216438356164,0.1
2003.227397260274,0.3
2003.235616438356,0.1
2003.238356164384,0.2
2003.246575342466,0.0
2003.254794520548,0.1
2003.26301369863,0.6
2003.290410958904,1.3
2003.298630136986,0.2
2003.312328767123,2.0
2003.315068493151,0.1
2003.328767123288,0.1
2003.33698630137,0.6
2003.339726027397,1.7
2003.345205479452,0.1
2003.347945205479,0.3
2003.353424657534,1.3
2003.356164383562,0.1
2003.364383561644,0.1
2003.367123287671,0.2
2003.372602739726,0.9
2003.380821917808,0.7000000000000001
2003.394520547945,0.1
2003.402739726027,0.1
2003.405479452055,0.1
2003.41095890411,0.1
2003.413698630137,0.0
2003.416438356164,0.1
2003.419178082192,0.9
2003.438356164384,0.6
2003.441095890411,0.2
2003.443835616438,0.3
2003.449315068493,0.5
2003.46301369863,0.2
2003.495890410959,0.2
2003.506849315068,0.6
2003.509589041096,0.3
2003.515068493151,0.1
2003.517808219178,0.2
2003.520547945205,0.8
2003.534246575342,1.2
2003.550684931507,1.4
2003.553424657534,0.9
2003.556164383562,0.2
2003.569863013699,2.5
2003.580821917808,0.0
2003.583561643836,0.1
2003.652054794521,0.4
2003.657534246575,1.5
2003.660273972603,0.1
2003.66301369863,0.2
2003.665753424658,1.5
2003.668493150685,0.9
2003.687671232877,0.0
2003.704109589041,0.1
2003.723287671233,1.2
2003.73698630137,0.2
2003.747945205479,0.0
2003.772602739726,0.2
2003.783561643836,0.6
2003.791780821918,0.1
2003.813698630137,1.0
2003.816438356164,0.4
2003.821917808219,0.1
2003.832876712329,0.0
2003.843835616438,0.2
2003.846575342466,0.0
2003.849315068493,0.0
2003.860273972603,0.3
2003.86301369863,1.0
2003.868493150685,0.1
2003.871232876712,0.2
2003.879452054794,1.0
2003.882191780822,0.3
2003.895890410959,0.5
2003.904109589041,0.9
2003.906849315068,0.3
2003.915068493151,0.0
2003.923287671233,0.1
2003.92602739726,0.2
2003.939726027397,0.3
2003.94794520548,0.1
2003.950684931507,0.2
2003.961643835617,0.1
2003.975342465753,0.2
2003.991780821918,0.4
